{"_Name":"","_Id":0,"_Score":0,"_position":{"x":9.220893859863282,"y":1.4745705127716065,"z":5.135739326477051},"_rotation":{"x":0.6988124847412109,"y":-0.10160776227712631,"z":0.10022532939910889,"w":0.7009221911430359},"_velocity":{"x":-0.017492661252617837,"y":-0.0559941828250885,"z":0.021641824394464494}}