{"_Position":{"x":-16.60045623779297,"y":1.4690732955932618,"z":-8.786176681518555},"_Rotation":{"x":0.20252428948879243,"y":-0.20390671491622926,"z":0.6764751672744751,"w":-0.6780762076377869},"_Velocity":{"x":0.03195468708872795,"y":-0.05621695518493652,"z":-0.04610344022512436}}