{"_Name":"","_Id":0,"_Score":0,"_position":{"x":-2.243319272994995,"y":1.4736188650131226,"z":-1.0389965772628785},"_rotation":{"x":-0.3462958037853241,"y":-0.6172497868537903,"z":0.6157606244087219,"w":-0.3462958037853241},"_velocity":{"x":0.008226193487644196,"y":-0.047260284423828128,"z":-0.012701602652668953}}