{"_Name":"","_Id":0,"_Score":0,"_position":{"x":5.760106563568115,"y":1.4677373170852662,"z":0.7320873141288757},"_rotation":{"x":-0.07036110013723374,"y":0.07036188989877701,"z":0.7035970687866211,"w":-0.7035977840423584},"_velocity":{"x":0.0,"y":0.0,"z":0.0}}