{"_Position":{"x":18.589475631713868,"y":1.4677376747131348,"z":-0.1437050700187683},"_Rotation":{"x":3.551484795139004e-8,"y":0.726029634475708,"z":-4.533807640427767e-8,"w":-0.6876634955406189},"_Velocity":{"x":0.0,"y":0.0,"z":0.0}}