{"_Name":"","_Id":0,"_Score":0,"_position":{"x":14.067298889160157,"y":1.4697140455245972,"z":-7.8261308670043949},"_rotation":{"x":-0.4873025119304657,"y":0.5138905048370361,"z":0.5121860504150391,"w":0.4859200417995453},"_velocity":{"x":-0.004781680181622505,"y":-0.07897348701953888,"z":0.062137290835380557}}