{"_Name":"","_Id":0,"_Score":0,"_position":{"x":-6.042237281799316,"y":1.6270242929458619,"z":9.864578247070313},"_rotation":{"x":-0.33643627166748049,"y":0.6599594354629517,"z":-0.4300280511379242,"w":-0.5160814523696899},"_velocity":{"x":0.013467792421579361,"y":0.006786912679672241,"z":0.027295004576444627}}