{"_Name":"","_Id":0,"_Score":0,"_position":{"x":7.2372846603393559,"y":1.4677371978759766,"z":5.042990207672119},"_rotation":{"x":-0.9586811065673828,"y":-2.0634351471926494e-7,"z":-0.28448304533958437,"w":-7.018447689688401e-8},"_velocity":{"x":0.0,"y":0.0,"z":0.0}}