{"_Name":"","_Id":0,"_Score":0,"_position":{"x":2.7547078132629396,"y":1.4677374362945557,"z":2.5208983421325685},"_rotation":{"x":-0.02627149224281311,"y":-0.7066184878349304,"z":-0.7066186666488648,"w":0.026271414011716844}}