{"_Name":"","_Id":0,"_Score":0,"_position":{"x":8.56413459777832,"y":1.4677371978759766,"z":3.3042476177215578},"_rotation":{"x":-0.9203975796699524,"y":-3.7472827330020666e-7,"z":-0.39098381996154787,"w":2.765841031759919e-7}}