{"_Name":"","_Id":0,"_Score":0,"_position":{"x":4.518779754638672,"y":2.4864397048950197,"z":-2.8758835792541506},"_rotation":{"x":-0.09165188670158386,"y":0.0785454660654068,"z":0.6589784026145935,"w":-0.7424136400222778},"_velocity":{"x":7.468952178955078,"y":0.4626150131225586,"z":3.7139832973480226}}