{"_Name":"","_Id":0,"_Score":0,"_position":{"x":18.357219696044923,"y":1.4677371978759766,"z":-4.9571990966796879},"_rotation":{"x":-0.6885557174682617,"y":0.16090714931488038,"z":-0.1609075963497162,"w":-0.6885555386543274}}