{"_Position":{"x":-18.37667465209961,"y":1.4677375555038453,"z":-8.731094360351563},"_Rotation":{"x":-3.9075703739399616e-7,"y":0.2946000099182129,"z":1.5811597364745468e-8,"w":0.9556206464767456},"_Velocity":{"x":0.0,"y":0.0,"z":0.0}}