{"_Name":"","_Id":0,"_Score":0,"_position":{"x":-15.307883262634278,"y":1.4687588214874268,"z":8.85222339630127},"_rotation":{"x":-0.0006912092212587595,"y":-0.667016863822937,"z":-0.0006912092212587595,"w":0.7450419664382935},"_velocity":{"x":-0.013980690389871598,"y":-0.008763313293457032,"z":0.00043414405081421137}}