{"_Name":"","_Id":0,"_Score":0,"_position":{"x":6.890789985656738,"y":2.2269375324249269,"z":2.8008413314819338},"_rotation":{"x":0.7427778840065002,"y":0.0664466992020607,"z":-0.5909273028373718,"w":0.3076861798763275},"_velocity":{"x":-2.507924795150757,"y":-1.8019760847091675,"z":4.64917516708374}}